amlicon_name	primer_name	pool	start	stop	seq	size	gc_best	temp_best	mean_gc	mean_temp	score
amplicon_0	FW_0	0	22	46	cyttgtrcgcctgttttatactcc	24	45.8	57.6	45.8	58.2	10.9
amplicon_0	RW_13	0	1141	1162	ggyaryttccaccaccascct	21	57.1	59.7	59.5	61.6	4.4
amplicon_1	FW_17	0	2086	2106	ttytgygghtcmatgatggc	20	50.0	58.0	49.2	56.5	6.9
amplicon_1	RW_19	0	3439	3463	yvacyaagaggtctctrttccaca	24	50.0	59.7	46.5	58.7	4.4
amplicon_2	FW_27	0	4423	4445	gcaarcaccgtattgarccagt	22	50.0	59.8	50.0	59.8	1.4
amplicon_2	RW_28	0	5730	5754	gtcacagcaccracrggracatac	24	50.0	60.3	56.2	62.9	3.1
amplicon_3	FW_43	0	6346	6368	acyagagacacyaargaratgc	22	50.0	58.9	45.5	55.8	4.3
amplicon_3	RW_46	0	7337	7360	acccaatccaattcgactgaggt	23	47.8	60.0	47.8	60.0	1.7
amplicon_4	FW_12	1	851	871	gayccdtcmaarttcaccga	20	55.0	57.7	49.2	55.4	8.9
amplicon_4	RW_15	1	2221	2244	ctratccahggyacyaccatagt	23	47.8	57.4	47.1	57.2	9.3
amplicon_5	FW_22	1	3160	3183	tmghgtdgtmaatgatcacaacc	23	47.8	59.8	42.0	56.3	5.6
amplicon_5	RW_23	1	4528	4550	ggyagygagtangtggavgtgt	22	54.5	60.1	55.3	60.4	6.9
amplicon_6	FW_32	1	5502	5521	trccaachcaygchtcacc	19	63.2	59.7	56.1	57.4	8.1
amplicon_6	RW_38	1	6631	6653	ahcckgtgtartcaaadgcaaa	22	45.5	58.1	39.4	56.0	9.0
