amlicon_name	amplicon_length	primer_name	pool	start	stop	seq	size	gc_best	temp_best	mean_gc	mean_temp	score
amplicon_0	1481	FW_0	0	7	28	gcaacracgacahygyaaaatc	22	50.0	60.0	44.7	57.1	3.8
amplicon_0	1481	RW_18	0	1468	1487	gccavytccctrgcraggtg	20	60.0	58.6	65.8	61.4	8.2
amplicon_1	1233	FW_37	0	2428	2447	gcrttygtyaccacgcgcat	20	55.0	60.7	57.5	61.6	3.7
amplicon_1	1233	RW_52	0	3640	3660	ctggytcrtaggtrccaggtg	21	57.1	58.7	59.5	59.3	5.2
amplicon_2	1243	FW_69	0	4768	4791	tyagrcaaatgtactggacyaggg	24	50.0	60.1	47.9	59.2	2.9
amplicon_2	1243	RW_93	0	5989	6010	grgctggratytcytctgttgg	22	54.5	59.5	54.5	59.0	4.0
amplicon_3	1483	FW_16	1	1326	1346	ygayatygtgggyacaatcaa	21	52.4	59.5	42.9	55.1	3.2
amplicon_3	1483	RW_36	1	2788	2808	tggcytcytcytcytcacaga	21	57.1	60.3	52.4	58.5	3.9
amplicon_4	1587	FW_57	1	3481	3502	acacygtcatwtgtgccaccca	22	50.0	60.0	52.3	61.7	1.1
amplicon_4	1587	RW_78	1	5045	5067	gtcaytmgacgccatcttcattc	23	52.2	59.9	47.8	57.9	1.9
amplicon_5	1578	FW_96	1	5829	5847	ccwcaaaayggyagrtgca	19	57.9	59.6	50.0	55.0	5.5
amplicon_5	1578	RW_101	1	7383	7406	yhtctttrggcacggttgagactg	24	50.0	59.8	51.4	61.2	3.3
