amlicon_name	primer_name	pool	start	stop	seq	size	gc_best	temp_best	mean_gc	mean_temp	score
amplicon_0	FW_0	0	83	106	ctaccgcctttgctaatgctcag	23	52.2	60.0	52.2	60.0	1.5
amplicon_0	RW_22	0	1327	1347	gavacccartcyckrcactg	20	60.0	58.9	58.3	57.5	9.9
amplicon_1	FW_27	0	2196	2216	gcbttygaycgbacycagtt	20	60.0	61.2	54.2	58.2	14.2
amplicon_1	RW_31	0	3773	3796	cacyacytcyacrtcatcatgcc	23	52.2	60.2	52.2	59.4	3.6
amplicon_2	FW_42	0	4340	4359	tgcggggymgrtggaagaa	19	57.9	59.4	60.5	60.4	4.9
amplicon_2	RW_55	0	5551	5573	tcrgtsgargtgatggarttca	22	50.0	59.5	47.7	58.3	3.1
amplicon_3	FW_21	1	1182	1203	sacrcarggyatatchatggg	21	57.1	59.8	51.6	56.0	6.8
amplicon_3	RW_24	1	2368	2389	atatdccrcthccragnaggc	21	52.4	58.5	53.2	58.0	21.9
amplicon_4	FW_33	1	3532	3552	gtggcyytrcaycagatggc	20	60.0	59.9	60.0	59.3	4.2
amplicon_4	RW_46	1	4925	4945	cagcaaaagcacgagcacga	20	55.0	60.0	55.0	60.0	1.5
amplicon_5	FW_53	1	5385	5408	gggtcyaacacgcayatyatggc	23	52.2	60.3	54.3	61.3	2.8
amplicon_5	RW_70	1	6807	6826	ytgacarvgcctgcactcg	19	63.2	59.5	61.4	59.1	10.8
